{"cameraMode":{"drawMode":0,"name":"Shaded","section":"Shading Mode"},"sceneLighting":false,"audioPlay":false,"sceneViewState":{"showFog":false,"showMaterialUpdate":true,"showSkybox":true,"showFlares":true,"showImageEffects":true,"showParticleSystems":true},"in2DMode":false,"pivot":{"x":94.32826232910156,"y":-12.400449752807618,"z":37.513736724853519},"rotation":{"x":-0.16191980242729188,"y":-0.7683742642402649,"z":0.21415163576602937,"w":-0.580967366695404},"size":166.64149475097657,"orthographic":false}